City_ID,City,Country,Date,Longitude,Lattitude,MaxTemp,Humidity,WindSpeed,Cloudiness
32723,Garmsar,IR,1563762224,52.34,35.22,82.37,22,4.23,0
57000,Hobyo,SO,1563762231,48.53,5.35,74.99,70,19.37,11
72181,Marzuq,YE,1563762104,46.47,14.4,77.15,38,6.33,100
98182,Baghdad,IQ,1563762225,44.38,33.3,80.6,44,5.82,0
104515,Mecca,SA,1563761947,39.83,21.43,81.65,47,7.54,0
107304,Buraydah,SA,1563762113,43.97,26.33,78.8,29,5.82,0
108410,Riyadh,SA,1563761866,46.72,24.63,82.4,13,2.24,0
110690,Faya,SA,1563762150,42.45,18.39,71.6,20,7.54,0
115019,Shiraz,IR,1563761973,52.54,29.61,78.8,16,4.7,0
135423,Shahrud,IR,1563762221,54.97,36.42,67.61,27,4.76,52
146639,Lasa,CY,1563762187,32.53,34.92,75.2,73,9.17,0
150436,Rulenge,TZ,1563762206,30.63,-2.72,60.95,64,2.01,12
161974,Gazanjyk,TM,1563762145,55.52,39.24,92.09,16,21.09,0
178443,Wajir,KE,1563762225,40.07,1.75,72.65,61,15.26,97
212902,Kindu,CD,1563762119,25.92,-2.95,69.23,81,1.5,67
216281,Kabare,RW,1563762188,29.38,-1.65,52.85,95,1.86,25
229362,Masindi,UG,1563762232,31.72,1.69,62.39,98,3.29,84
230893,Kitgum,UG,1563762120,32.88,3.3,64.91,95,2.21,100
233346,Gulu,UG,1563762099,32.3,2.77,62.93,93,2.91,91
240604,Bambari,CF,1563762182,20.68,5.77,67.61,95,2.08,94
240999,Alindao,CF,1563762187,21.21,5.04,65.63,95,3.49,82
245785,Abeche,TD,1563762174,20.83,13.83,74.27,74,15.5,100
258175,Lixourion,GR,1563762122,20.43,38.2,77,78,14.76,0
260895,Karpathos,GR,1563762207,27.21,35.51,75.2,78,28.86,0
262462,Saint George,GR,1563762135,22.34,39.45,77,68,3.36,0
286621,Salalah,OM,1563762200,54.1,17.01,78.8,94,5.82,90
292968,Abu Dhabi,AE,1563762020,54.37,24.47,93.2,75,1.12,78
320533,Bucak,TR,1563762187,30.59,37.46,84.2,59,5.82,0
333795,Jijiga,ET,1563762195,42.8,9.35,58.07,89,12.57,88
336454,Ginir,ET,1563762145,40.71,7.14,56.99,90,8.21,75
338345,Edd,ER,1563762216,41.69,13.93,85.79,39,0.81,70
344979,Lebu,ET,1563762133,38.73,8.96,54.29,88,0.27,98
352733,Marsa Matruh,EG,1563762159,27.25,31.35,75.2,78,5.82,0
359783,Asyut,EG,1563762131,31.19,27.18,78.8,50,8.05,0
362973,Abnub,EG,1563762160,31.15,27.27,78.8,50,8.05,0
364933,Umm Kaddadah,SD,1563762112,26.69,13.6,82.19,58,13.98,95
373141,Kaduqli,SD,1563762146,29.72,11.01,72.65,89,3.53,100
376332,Doka,SD,1563762104,35.76,13.52,71.03,85,12.19,100
390054,Baft,IR,1563762236,56.61,29.23,67.61,20,9.04,0
417594,Shahreza,IR,1563762171,51.87,32.01,69.41,27,1.25,0
458460,Kuldiga,LV,1563762202,21.96,56.97,62.6,100,3.36,90
470905,Vuktyl,RU,1563762218,57.31,63.86,59.69,96,13.6,100
489043,Staraya Toropa,RU,1563761950,31.67,56.28,55.73,92,2.3,0
509234,Pitkyaranta,RU,1563762214,31.48,61.57,58.07,78,3.42,0
527321,Mezen,RU,1563762233,44.24,65.85,49.97,77,8.21,14
533964,Loukhi,RU,1563762184,33.04,66.08,56.45,76,2.57,0
537229,Ladushkin,RU,1563762230,20.17,54.57,62.6,93,6.71,75
542374,Krasnogorsk,RU,1563762228,37.34,55.82,62.01,93,4.47,0
542378,Krasnogorodsk,RU,1563762225,28.28,56.83,58.07,89,4.61,100
546105,Nikolskoye,RU,1563762118,30.79,59.7,53.6,81,1.63,18
567109,Dankov,RU,1563762186,39.16,53.25,55.4,93,4.47,0
586430,Goranboy,AZ,1563762168,46.79,40.61,73.4,78,6.93,40
588365,Vao,EE,1563762124,26.19,59.1,58.97,68,6.02,0
605155,Kiruna,SE,1563762145,20.23,67.86,57.2,82,5.82,16
609404,Khromtau,KZ,1563762174,58.44,50.26,69.77,58,9.17,0
610298,Beyneu,KZ,1563762191,55.19,45.32,85.79,21,12.77,67
610612,Aktau,KZ,1563762119,51.16,43.65,84.2,26,13.42,0
610864,Khani,GE,1563762197,42.96,41.96,69.8,100,2.24,90
618453,Kamenka,MD,1563762195,28.7,48.03,60.01,90,2.71,6
625144,Minsk,BY,1563762196,27.56,53.9,66.2,72,11.18,75
639735,Rauma,FI,1563762232,21.5,61.13,55.4,87,12.53,0
685981,Manta,RO,1563762186,24.1,45.1,64.01,61,2.46,50
692118,Svatove,UA,1563762206,38.16,49.42,64.01,84,4.16,0
727964,Primorsko,BG,1563762121,27.75,42.27,70,88,3.36,0
735365,Loutros,GR,1563762197,22.4,40.59,75.99,78,2.24,0
779554,Honningsvag,NO,1563762181,25.97,70.98,55.73,79,4.43,97
780687,Berlevag,NO,1563762169,29.09,70.86,55.55,78,16.98,89
787487,Poum,MK,1563762177,20.71,41.28,57.2,87,4.7,0
898947,Senanga,ZM,1563762167,23.3,-16.1,47.81,25,5.12,0
902620,Mwinilunga,ZM,1563762149,24.43,-11.73,49.79,43,5.3,0
905789,Mpongwe,ZM,1563762158,28.16,-13.51,50.87,75,7.36,0
916246,Kabompo,ZM,1563762239,24.21,-13.6,47.63,42,5.3,0
921786,Mitsamiouli,KM,1563762102,43.28,-11.38,76.25,72,35.7,0
924963,George,MW,1563762204,34.83,-15.35,53.57,97,6.53,94
934322,Mahebourg,MU,1563762100,57.7,-20.41,66.99,88,6.93,20
934479,Grand Gaube,MU,1563762183,57.66,-20.01,66.99,88,6.93,20
962367,Richards Bay,ZA,1563762207,32.06,-28.77,62.21,66,29.95,0
964432,Port Alfred,ZA,1563762110,26.89,-33.59,59,31,7,0
986717,Kruisfontein,ZA,1563762125,24.73,-34,51.59,30,12.75,0
1006984,East London,ZA,1563762109,27.91,-33.02,51.95,19,4.18,0
1014034,Carnarvon,ZA,1563762145,22.13,-30.97,42.59,36,13.8,0
1015776,Bredasdorp,ZA,1563762125,20.04,-34.53,37.4,86,5.82,0
1045114,Inhambane,MZ,1563762133,35.38,-23.87,55.01,76,2.98,86
1052944,Angoche,MZ,1563762225,39.91,-16.23,66.17,69,10,64
1056899,Sambava,MG,1563762113,50.17,-14.27,65.27,97,2.89,59
1059507,Marovoay,MG,1563762190,46.64,-16.11,68,68,8.05,0
1067565,Beloha,MG,1563762226,45.06,-25.17,53.03,75,5.57,0
1068971,Antsohihy,MG,1563762207,47.99,-14.88,68.87,61,9.35,0
1070940,Fenoarivo,MG,1563762164,47.44,-18.93,46.4,93,4.7,20
1072849,Ankazobe,MG,1563762141,47.12,-18.32,46.4,93,4.7,20
1106643,Quatre Cocos,MU,1563762142,57.76,-20.21,66.99,88,6.93,20
1106677,Bambous Virieux,MU,1563762136,57.76,-20.34,66.99,88,6.93,20
1113217,Zabol,IR,1563762153,61.49,31.03,93.2,28,33.33,0
1122464,Taywarah,AF,1563762227,64.42,33.35,70.67,23,8.39,0
1150965,Ranong,TH,1563762217,98.62,9.96,86,79,2.24,20
1152188,Mae Sot,MM,1563762177,98.57,16.71,77,94,4.7,90
1180729,Dalbandin,PK,1563762154,64.41,28.9,84.71,47,3.56,79
1185095,Teknaf,BD,1563762163,92.31,20.86,82.73,77,2.95,100
1214488,Meulaboh,ID,1563762197,96.13,4.14,80.39,70,6.62,88
1214882,Kisaran,ID,1563762182,99.62,2.98,87.23,63,0.54,69
1215502,Banda Aceh,ID,1563762127,95.32,5.56,83.81,69,14.16,87
1240372,Kilinochchi,LK,1563762039,80.4,9.4,81.65,80,16.8,100
1244926,Hambantota,LK,1563762223,81.12,6.12,77,100,4.7,90
1253628,Lata,IN,1563762117,78.62,30.78,50.15,73,5.23,0
1254346,Tirur,IN,1563762149,75.92,10.92,79,88,2.24,75
1256823,Seoni Malwa,IN,1563762144,77.47,22.45,88.67,55,8.63,0
1259385,Port Blair,IN,1563762208,92.75,11.67,82.4,83,5.82,40
1264976,Leh,IN,1563762104,77.58,34.16,46.37,25,2.95,0
1268011,Kannauj,IN,1563762137,79.92,27.05,91.91,54,1.25,100
1272674,Dhupgari,IN,1563762171,89.01,26.59,78.8,94,4.7,90
1273574,Vaini,IN,1563762113,74.49,15.34,71.6,100,9.17,75
1278969,Along,IN,1563762191,94.8,28.17,63.65,96,0.87,100
1279144,Akaltara,IN,1563762114,82.43,22.02,89.75,54,6.26,2
1279403,Abohar,IN,1563762231,74.2,30.15,96.05,47,8.28,14
1281256,Gamba,CN,1563762114,88.52,28.28,47.99,56,3.27,16
1282256,Hithadhoo,MV,1563761836,73.08,-0.6,83.09,76,13.96,0
1283240,Kathmandu,NP,1563762201,85.32,27.71,69.8,100,2.24,75
1283285,Jumla,NP,1563762135,82.18,29.28,63.11,75,3.62,21
1303406,Nyaunglebin,MM,1563762229,96.73,17.95,78.23,91,6.67,100
1337605,Mahibadhoo,MV,1563762153,72.97,3.78,82.73,79,14.52,100
1337612,Dhidhdhoo,MV,1563762217,73.1,6.88,82.55,79,17.02,100
1337619,Ugoofaaru,MV,1563762148,73,5.67,82.55,79,16.44,100
1485724,Talaya,RU,1563762178,84.89,55.79,54,93,6.71,40
1486321,Yar-Sale,RU,1563762101,70.83,66.83,66.53,65,12.19,99
1490003,Tatarsk,RU,1563762234,75.96,55.22,65.27,62,7.36,0
1490085,Tarko-Sale,RU,1563762237,77.78,64.92,71.01,59,6.31,0
1490256,Talnakh,RU,1563762204,88.39,69.49,71.6,43,6.71,0
1490918,Staryy Nadym,RU,1563762068,72.68,65.61,65.81,71,7.87,100
1491267,Sosva,RU,1563762176,61.86,59.17,58.97,96,3.51,100
1492566,Severo-Yeniseyskiy,RU,1563762115,93.04,60.37,64.73,55,5.1,65
1495256,Pervomayskoye,RU,1563762119,86.23,57.07,55.55,82,5.21,60
1497543,Nizhnevartovsk,RU,1563762165,76.58,60.93,62.6,72,4.47,75
1497917,Nefteyugansk,RU,1563762116,72.61,61.09,62.6,82,4.47,0
1498161,Muzhi,RU,1563762153,64.7,65.4,67.61,68,14.07,100
1501377,Kungurtug,RU,1563762228,97.53,50.6,68.51,39,4.07,0
1503153,Klyuchi,RU,1563762168,79.17,52.25,71.75,49,8.03,0
1505438,Isilkul,RU,1563762178,71.26,54.9,68.69,82,11.88,93
1507390,Dikson,RU,1563761933,80.55,73.51,35.57,98,14,100
1514792,Gazojak,TM,1563762199,61.4,41.19,84.89,29,13.73,0
1520172,Petropavl,KZ,1563762158,69.13,54.87,68,94,6.71,90
1520281,Oytal,KZ,1563761965,73.27,42.91,92.09,21,5.19,10
1520327,Osakarovka,KZ,1563762219,72.58,50.56,78.05,46,10.11,54
1521230,Makinsk,KZ,1563762154,70.42,52.63,70.31,74,9.78,100
1524298,Aksu,KZ,1563762194,76.93,52.04,69.8,83,6.71,75
1528998,Yumen,CN,1563762204,97.04,40.29,78.23,32,5.73,68
1529484,Hami,CN,1563762198,93.51,42.84,80.03,24,4.32,100
1567681,Son La,VN,1563761989,103.9,21.32,80.39,66,3.27,100
1605279,Trat,TH,1563762215,102.51,12.25,86,83,2.24,75
1608539,Nakhon Nayok,TH,1563762107,101.21,14.2,89.01,66,1.01,100
1609278,Laem Sing,TH,1563762112,102.07,12.48,88,83,2.24,75
1622318,Waingapu,ID,1563762204,120.26,-9.65,81.29,54,14.2,99
1623197,Tual,ID,1563762153,132.75,-5.67,75.71,81,17.56,26
1626542,Sorong,ID,1563762173,131.25,-0.86,77.87,92,7.76,100
1627877,Sembakung,ID,1563762106,117.25,3.82,90.65,52,2.15,97
1632694,Pangkalanbuun,ID,1563761954,111.62,-2.68,85.61,59,3.8,63
1633419,Padang,ID,1563762040,100.36,-0.92,80.75,78,6.35,12
1636308,Manokwari,ID,1563762172,134.08,-0.87,78.77,80,3.11,75
1640765,Kramat,ID,1563762180,112.64,-7.04,87.95,48,3.53,100
1641899,Labuhan,ID,1563762151,115.51,-2.54,87.95,43,2.84,0
1643837,Gorontalo,ID,1563762135,123.06,0.54,83.99,56,10.16,35
1649593,Baturaja,ID,1563762202,104.17,-4.12,84.71,56,4.32,54
1650064,Tabat,ID,1563762190,115.23,-2.64,91.01,45,2.75,1
1651591,Amahai,ID,1563762176,129,-3.31,81,94,10.98,100
1651810,Airai,TL,1563762143,125.41,-8.93,81.83,42,4.41,6
1673820,Kaohsiung,TW,1563762188,120.31,22.62,86,70,12.75,75
1680954,Tugdan,PH,1563762233,122.09,12.31,83.45,75,8.34,93
1688687,San Quintin,PH,1563762137,120.52,17.54,85.25,72,5.95,100
1688696,San Policarpo,PH,1563762189,125.51,12.18,86.33,63,6.8,100
1690438,San Andres,PH,1563762160,122.68,13.32,85.97,74,2.39,59
1693529,Pinaring,PH,1563762211,124.31,7.23,80.75,78,5.93,94
1701054,Marawi,PH,1563762105,124.29,8,82.99,80,7,100
1704252,Macrohon,PH,1563762234,124.94,10.08,77.87,87,4.47,100
1714733,Dingle,PH,1563762179,122.67,11,85.61,70,4.36,9
1715430,Sapa,PH,1563762156,120.76,14.32,88,79,6.93,75
1717512,Buluang,PH,1563762223,123.98,10.47,86,74,4.7,75
1718367,Carlagan,PH,1563762233,122.05,14.97,84.53,74,6.73,99
1733782,Victoria,BN,1563762106,115.24,5.28,84.2,88,4.7,75
1735634,Kuching,MY,1563762112,110.34,1.56,77,100,4.7,75
1784474,Huayang,CN,1563762199,115.49,23.62,85.97,71,4.65,61
1791522,Lamu,CN,1563762236,102.37,35.77,64.73,54,1.66,0
1791785,Gabu,CN,1563762205,103,34.78,60.05,51,10.78,10
1795632,Shenjiamen,CN,1563762134,122.3,29.96,80.93,84,23.17,94
1801582,Macheng,CN,1563761884,115.03,31.18,90.11,62,6.96,44
1803331,Linxia,CN,1563762226,103.21,35.6,64.73,66,5.37,0
1810240,Gejiu,CN,1563762108,103.16,23.36,72.47,69,7.2,99
1835848,Seoul,KR,1563762032,126.98,37.57,82.4,78,4.7,90
1848976,Wajima,JP,1563762184,136.9,37.4,75.2,94,10.29,75
1850144,Nishihara,JP,1563762199,139.53,35.74,75.99,100,4.7,75
1855612,Nara,JP,1563762137,135.8,34.68,86,74,2.24,75
1856392,Muroto,JP,1563762197,134.14,33.37,78.8,94,9.17,75
1861416,Ishigaki,JP,1563762123,124.16,24.34,86,79,9.17,75
1865309,Katsuura,JP,1563762130,134.5,33.93,82.99,88,10.29,75
1880252,Singapore,MY,1563762185,103.85,1.29,91.99,70,6.93,75
1957671,Imelda,PH,1563762232,122.93,7.64,80.39,81,7.43,100
2012530,Zhigansk,RU,1563762186,123.37,66.77,65.09,30,16.89,0
2012956,Yerbogachen,RU,1563762155,108.01,61.28,70.85,39,12.71,100
2013258,Vrangel,RU,1563762107,133.08,42.73,67.07,99,3.91,100
2013639,Verkhnevilyuysk,RU,1563762183,120.31,63.45,77.15,36,6.64,0
2014006,Ussuriysk,RU,1563762210,131.95,43.8,71.6,100,8.95,75
2014624,Udachnyy,RU,1563762132,112.4,66.42,75.2,25,2.24,0
2014694,Tyrma,RU,1563762114,132.17,50.04,68.51,98,7.34,100
2015306,Tiksi,RU,1563762152,128.87,71.64,39.89,71,10.27,5
2016216,Sosnovo-Ozerskoye,RU,1563762135,111.54,52.53,71.57,47,7.11,4
2016907,Severomuysk,RU,1563762192,113.57,56.17,61.13,67,2.73,100
2017155,Saskylakh,RU,1563762102,114.09,71.97,74.99,38,12.71,9
2017378,Rudnogorsk,RU,1563762142,103.75,57.27,79.67,37,1.5,60
2017705,Poyarkovo,RU,1563762147,128.65,49.62,74.99,87,6.44,100
2019309,Neryungri,RU,1563762236,124.71,56.66,53.39,76,4.03,100
2020838,Lensk,RU,1563762176,114.91,60.71,72.65,34,11.65,0
2021017,Kysyl-Syr,RU,1563762227,122.77,63.9,74.63,37,10.36,0
2021093,Kuytun,RU,1563762172,101.51,54.34,70.13,63,1.23,100
2021954,Knyaze-Volkonskoye,RU,1563762192,135.46,48.46,80.6,83,6.71,20
2022572,Khatanga,RU,1563762111,102.47,71.98,80.39,28,5.86,0
2023226,Kamen-Rybolov,RU,1563762128,132.04,44.75,64.37,97,4.56,100
2023469,Markova,RU,1563762212,104.21,52.21,63,100,2.24,75
2025256,Chumikan,RU,1563762174,135.31,54.72,49.97,95,3.29,100
2025456,Chernyshevskiy,RU,1563762134,112.47,63.01,74.99,35,9.89,0
2027044,Batagay,RU,1563762234,134.64,67.65,51.95,42,7.25,61
2027109,Barguzin,RU,1563762152,109.63,53.62,64.55,69,3.06,12
2027296,Aykhal,RU,1563762196,111.51,65.95,75.2,25,2.24,0
2028164,Deputatskiy,RU,1563762177,139.9,69.3,34.85,92,7.14,100
2031964,Darhan,MN,1563762158,105.92,49.49,60.41,92,7.23,100
2034221,Wangqing,CN,1563762179,129.76,43.31,67.79,96,5.19,100
2034615,Tahe,CN,1563762233,124.71,52.34,69.41,91,5.77,94
2036581,Jiamusi,CN,1563762110,130.37,46.81,67.07,99,3.53,100
2037485,Erenhot,CN,1563762165,111.97,43.65,79.67,47,19.46,98
2037820,Dashitou,CN,1563762200,128.5,43.3,78.59,68,13.22,19
2059470,Victor Harbor,AU,1563762124,138.62,-35.55,62.01,44,21.92,0
2062276,Roebourne,AU,1563762238,117.15,-20.77,77.87,13,17.18,0
2063036,Port Lincoln,AU,1563762185,135.86,-34.72,56.63,88,31.59,100
2063042,Port Hedland,AU,1563762163,118.58,-20.31,75.2,16,17.22,0
2063056,Port Augusta,AU,1563762146,137.76,-32.49,60.8,41,20.8,0
2063604,Pemberton,AU,1563762193,116.03,-34.44,55,83,7.07,78
2064550,Northam,AU,1563762209,116.67,-31.65,59,72,4.7,75
2065594,Mount Isa,AU,1563762118,139.49,-20.73,78.8,13,8.05,0
2069194,Jamestown,AU,1563762045,138.6,-33.21,59.15,42,25.52,0
2071860,Esperance,AU,1563762102,121.89,-33.86,50,93,24.16,75
2075265,Busselton,AU,1563762103,115.35,-33.64,59,49,17.13,100
2082539,Merauke,ID,1563762170,140.4,-8.49,77.15,79,18.61,1
2092164,Lorengau,PG,1563762159,147.27,-2.02,83.45,74,5.88,98
2093685,Kokopo,PG,1563762206,152.27,-4.34,81.65,78,1.34,100
2094027,Kieta,PG,1563762181,155.63,-6.22,77.87,92,17.25,100
2094144,Kerema,PG,1563762143,145.78,-7.96,78.05,83,10.38,20
2094342,Kavieng,PG,1563762033,150.8,-2.57,83.81,68,5.55,24
2098329,Daru,PG,1563762180,143.21,-9.07,79.31,74,8.57,86
2109528,Buala,SB,1563762130,159.59,-8.15,82.55,73,12.21,100
2110227,Butaritari,KI,1563762112,172.79,3.07,84.89,69,8.55,21
2112444,Kamaishi,JP,1563762195,141.86,39.28,71.6,83,10.29,75
2112802,Hasaki,JP,1563762213,140.83,35.73,73.4,94,6.93,75
2120591,Tilichiki,RU,1563762152,166.1,60.47,61.31,46,18.79,0
2121025,Srednekolymsk,RU,1563762168,153.71,67.46,38.99,91,10.56,100
2121385,Severo-Kurilsk,RU,1563762163,156.12,50.68,45.47,97,17,100
2122090,Pevek,RU,1563762105,170.27,69.7,33.59,95,21.54,100
2122104,Petropavlovsk-Kamchatskiy,RU,1563762212,158.65,53.05,71.6,53,4.47,20
2122389,Ossora,RU,1563762123,163.07,59.24,62.75,43,14.25,0
2122574,Ola,RU,1563762195,151.3,59.58,54.11,72,13.18,64
2122605,Okhotsk,RU,1563762129,143.24,59.36,70.49,45,3.51,0
2122783,Nogliki,RU,1563762195,143.14,51.8,56.45,92,3.71,100
2123688,Lososina,RU,1563762148,140.31,49,75.53,63,8.99,85
2123814,Leningradskiy,RU,1563762121,178.42,69.38,36.29,98,14.92,100
2126123,Chokurdakh,RU,1563762129,147.9,70.62,39.17,83,16.78,100
2126199,Cherskiy,RU,1563762166,161.3,68.75,35.93,95,13.8,100
2128975,Nemuro,JP,1563762104,145.57,43.32,66.2,72,10.29,75
2130203,Hachinohe,JP,1563762235,141.48,40.47,78.01,83,17.22,75
2136150,Luganville,VU,1563762202,167.18,-15.51,78.8,61,12.75,75
2136825,Isangel,VU,1563762134,169.27,-19.55,75.2,53,9.17,75
2140066,Mont-Dore,NC,1563762120,166.53,-22.23,71.6,53,17.22,75
2140558,Koumac,NC,1563762159,164.28,-20.56,69.41,53,9.19,0
2142316,Yeppoon,AU,1563762025,150.74,-23.13,75.2,47,5.82,90
2150163,Sawtell,AU,1563762161,153.1,-30.38,73.4,38,6.93,0
2152659,Port Macquarie,AU,1563762109,152.91,-31.43,73.99,40,5.82,76
2155415,New Norfolk,AU,1563762097,147.06,-42.78,63,54,21.92,75
2156643,Mount Gambier,AU,1563761869,140.78,-37.83,57.2,62,20.8,64
2160517,Launceston,AU,1563761958,147.14,-41.43,57,81,18.34,90
2162683,Innisfail,AU,1563762147,146.03,-17.52,71.01,56,5.99,93
2163355,Hobart,AU,1563762085,147.33,-42.88,63,54,21.92,75
2172880,Byron Bay,AU,1563762147,153.62,-28.65,69.8,77,13.87,1
2173911,Broken Hill,AU,1563762173,141.45,-31.97,62.6,29,11.41,0
2174444,Bowen,AU,1563762228,148.25,-20.01,73.4,69,14.99,90
2175403,Bluff,AU,1563762106,149.07,-23.58,71.93,52,5.82,26
2180815,Tuatapere,NZ,1563762146,167.69,-46.13,50,96,5.01,94
2181625,Te Anau,NZ,1563762121,167.72,-45.41,49.43,76,3.29,100
2185329,Waipawa,NZ,1563761897,176.59,-39.94,53.01,76,3.15,0
2186111,Ngunguru,NZ,1563762220,174.5,-35.62,64.99,66,1.99,33
2191562,Dunedin,NZ,1563762202,170.5,-45.87,50,90,7,34
2194098,Ahipara,NZ,1563762108,173.16,-35.17,64.99,94,13.98,65
2208248,Kaitangata,NZ,1563762123,169.85,-46.28,53.01,92,1.99,73
2219235,Awbari,LY,1563762219,12.77,26.59,76.61,23,10.18,0
2224827,Ngaoundere,CM,1563762160,13.58,7.32,63.65,97,2.93,100
2236967,Soyo,AO,1563762161,12.37,-6.13,71.39,92,9.35,24
2247044,Waounde,SN,1563762208,-12.87,15.26,87.95,46,19.44,71
2247684,Ndioum,SN,1563762166,-14.65,16.51,82.73,51,21.74,0
2249901,Gat,SN,1563762111,-16.54,14.69,77,83,9.17,39
2252473,Diofior,SN,1563762215,-16.66,14.19,77,83,12.75,19
2266895,Machico,PT,1563762237,-16.77,32.7,69.8,68,13.87,20
2267254,Lagoa,PT,1563762126,-8.45,37.14,75,64,6.93,0
2270385,Camacha,PT,1563762228,-16.33,33.08,69.8,77,6.93,40
2274895,Monrovia,LR,1563762157,-10.8,6.33,76.07,88,11.07,96
2280316,Toumodi,CI,1563762182,-5.02,6.56,73,100,4,91
2304548,Anloga,GH,1563762170,0.9,5.79,77,88,10.29,75
2311968,Nioki,CD,1563762183,17.69,-2.72,74.99,66,1.54,29
2337542,Naze,NG,1563762043,7.07,5.43,72.29,98,4.23,85
2367164,Dapaong,TG,1563762115,0.2,10.86,76.61,81,7.36,77
2377457,Nouadhibou,MR,1563762162,-17.03,20.93,69.8,83,16.11,0
2387495,Carnot,CF,1563762169,15.87,4.94,65.99,96,1.66,100
2396518,Port-Gentil,GA,1563762030,8.78,-0.72,75.89,84,15.75,100
2396646,Oyem,GA,1563762169,11.57,1.6,66.35,98,4.32,100
2399959,Koulamoutou,GA,1563762235,12.47,-1.13,68.15,94,3.96,100
2409914,Bonthe,SL,1563762238,-12.5,7.53,75.71,90,8.19,55
2412992,Velingara,SN,1563762184,-16.01,13.64,77.69,87,13.85,53
2413070,Nioro,GM,1563762217,-15.05,13.79,79.67,71,12.28,69
2414055,Youkounkoun,GN,1563762220,-13.12,12.53,74.09,96,8.57,100
2431736,Goundi,TD,1563762119,17.37,9.36,70.85,98,1.66,100
2439155,Tanout,NE,1563762207,8.88,14.97,84.53,53,13.56,100
2444995,Filingue,NE,1563762211,3.32,14.35,87.59,48,1.97,100
2446796,Bilma,NE,1563762147,12.92,18.69,85.43,40,11.03,0
2447513,Arlit,NE,1563762194,7.39,18.74,93.53,27,1.07,41
2449067,Timbuktu,ML,1563762155,-3.01,16.77,91.91,40,7.63,45
2450173,Taoudenni,ML,1563762179,-3.98,22.68,96.23,26,9.8,20
2460954,Araouane,ML,1563762219,-3.53,18.9,94.43,34,9.82,78
2508813,Adrar,DZ,1563762223,-0.29,27.87,96.8,16,18.34,0
2510725,Tacoronte,ES,1563762201,-16.41,28.48,68,100,17.22,90
2514651,Los Llanos de Aridane,ES,1563762209,-17.92,28.66,71.6,73,14.99,90
2520493,Calvia,ES,1563762238,2.51,39.57,79,69,4.7,0
2522333,Aguilas,ES,1563762175,-1.58,37.41,73.99,56,1.01,0
2610343,Vestmanna,FO,1563762103,-7.17,62.16,53.6,93,14.99,100
2610806,Vagur,FO,1563762158,-6.81,61.47,51.95,98,17.74,100
2612689,Stege,DK,1563762100,12.28,54.99,55.99,100,1.12,87
2618795,Klaksvik,FO,1563762080,-6.59,62.23,53.6,93,14.99,100
2630299,Hofn,IS,1563762175,-15.21,64.25,39.71,97,10.29,100
2634910,Wakefield,GB,1563762232,-1.5,53.68,66.2,88,13.87,75
2654970,Brae,GB,1563762222,-1.35,60.4,57.2,93,18.34,100
2656067,Broome,GB,1563762164,1.45,52.47,63,82,10.29,99
2685750,Ostersund,SE,1563762120,14.64,63.18,59,77,6.93,100
2686469,Ornskoldsvik,SE,1563762224,18.72,63.29,55.4,93,3.36,49
2702977,Dalvik,SE,1563762236,14.13,57.79,57.2,87,9.17,0
2729907,Longyearbyen,NO,1563762201,15.63,78.22,44.6,81,18.34,75
2737599,Saldanha,PT,1563762098,-6.55,41.42,68.69,66,4.72,0
2894897,Jever,DE,1563762170,7.9,53.57,57.99,87,1.12,75
2965139,Mahon,IE,1563762124,-8.4,51.89,64,100,12.75,90
2980080,Saint-Francois,FR,1563762157,3.91,46.42,66.2,68,1.7,0
2986626,Plouzane,FR,1563762185,-4.62,48.38,64.99,93,9.17,90
2986732,Ploemeur,FR,1563762171,-3.43,47.73,60.01,93,3.36,20
2995603,Saint-Pierre,FR,1563762142,4.24,48.95,64.4,63,4.7,0
3026644,Souillac,FR,1563762099,-0.6,45.6,68,72,3.36,0
3107775,Torrelavega,ES,1563762180,-4.05,43.35,73,83,4.7,90
3114965,Puga,ES,1563762194,-8.01,42.33,68,82,2.24,0
3115824,Muros,ES,1563762228,-9.06,42.77,68,100,6.93,75
3123493,Ferrol,ES,1563762235,-8.23,43.48,68,93,3.36,3
3133983,Trofors,NO,1563762235,13.39,65.54,57.2,100,10.29,100
3134016,Tretten,NO,1563762131,10.3,61.31,52,97,1.54,79
3135728,Straumen,NO,1563762188,11.3,63.87,55.99,87,10.29,75
3137469,Sorland,NO,1563762189,12.69,67.67,54.29,97,14.94,100
3172402,Nago,IT,1563762148,10.89,45.88,78.8,73,4.7,0
3174658,Vada,IT,1563762210,10.46,43.35,75,93,4.7,0
3220813,Wanning,AT,1563762102,13.53,48.64,64,88,1.12,20
3346821,Ondjiva,AO,1563762234,15.73,-17.07,51.05,19,8.1,0
3347019,Namibe,AO,1563762128,12.15,-15.19,66.89,83,12.5,32
3353383,Rundu,NA,1563762117,19.77,-17.91,46.37,18,6.51,0
3355672,Luderitz,NA,1563762113,15.16,-26.65,57.71,65,5.82,0
3356832,Henties Bay,NA,1563762219,14.28,-22.12,54,96,3,86
3366880,Hermanus,ZA,1563762101,19.24,-34.42,57,56,14,0
3369157,Cape Town,ZA,1563762149,18.42,-33.93,57,62,12.75,0
3372472,Vila Franca do Campo,PT,1563762137,-25.43,37.72,71.6,94,11.41,20
3372707,Ribeira Grande,PT,1563762161,-28.7,38.52,74.63,86,28.97,40
3372745,Rabo de Peixe,PT,1563762096,-25.58,37.8,71.6,94,11.41,20
3374083,Bathsheba,BB,1563762141,-59.52,13.22,82.4,74,16.11,40
3374210,Sao Filipe,CV,1563762185,-24.5,14.9,75.71,77,5.66,3
3378644,Georgetown,GY,1563762132,-58.16,6.8,82.4,94,4.7,0
3381303,Kourou,GF,1563762223,-52.64,5.16,75.2,100,1.7,95
3386213,Touros,BR,1563762127,-35.46,-5.2,71.6,100,3.36,40
3388456,Sao Jose da Coroa Grande,BR,1563762221,-35.15,-8.9,68.87,96,4.65,38
3389822,Salinopolis,BR,1563762164,-47.36,-0.61,80.75,80,15.95,8
3391889,Pitimbu,BR,1563762172,-34.81,-7.47,71.6,94,4.7,0
3391940,Pirapemas,BR,1563762166,-44.23,-3.73,70.49,93,2.17,0
3393106,Paragominas,BR,1563762203,-47.35,-3,71.39,86,3.4,5
3395458,Maragogi,BR,1563761958,-35.22,-9.01,68.87,96,4.65,38
3403251,Canto do Buriti,BR,1563762216,-42.94,-8.11,70.13,60,6.38,0
3403687,Camocim,BR,1563762195,-40.84,-2.9,72.29,86,3.94,0
3407882,Altamira,BR,1563762215,-52.21,-3.2,70.49,97,2.28,26
3418910,Upernavik,GL,1563762144,-56.15,72.79,43.13,94,8.05,97
3420846,Qaqortoq,GL,1563762203,-46.03,60.72,46.4,75,3.36,88
3421193,Paamiut,GL,1563762108,-49.67,61.99,41.33,93,16.49,18
3421319,Nuuk,GL,1563762165,-51.74,64.17,44.01,93,2.24,100
3421719,Narsaq,GL,1563762132,-46.05,60.91,46.4,75,3.36,88
3421765,Nanortalik,GL,1563762103,-45.24,60.14,38.45,94,0.45,93
3421982,Maniitsoq,GL,1563762134,-52.9,65.42,44.39,93,8.28,100
3423146,Ilulissat,GL,1563762141,-51.1,69.22,46.4,87,2.24,40
3424607,Tasiilaq,GL,1563762107,-37.64,65.61,48.2,66,3.36,0
3427208,Pilar,AR,1563762127,-58.91,-34.46,57.99,50,11.41,0
3430443,Necochea,AR,1563762216,-58.74,-38.55,44.01,94,6.8,100
3437029,San Patricio,PY,1563762169,-56.83,-26.98,72.11,65,12.08,9
3440777,Rocha,UY,1563761966,-54.34,-34.48,67.43,86,16.15,100
3443061,Chuy,UY,1563762118,-53.46,-33.69,65.27,89,13.94,100
3448903,Sao Joao da Barra,BR,1563762162,-41.05,-21.64,63.11,94,4.21,0
3450144,Santa Luzia,BR,1563762238,-43.85,-19.77,59,77,4.7,0
3453439,Ponta do Sol,BR,1563762155,-46,-20.63,56.63,81,7.52,32
3460355,Jaciara,BR,1563762199,-54.98,-15.95,68.69,63,2.91,69
3460954,Praia,BR,1563762144,-43.81,-20.25,59,77,4.7,0
3461724,Gurupi,BR,1563762139,-49.07,-11.73,72.47,49,5.97,0
3462672,Santa Maria,BR,1563762210,-48.01,-16.02,66.2,68,8.05,0
3465145,Crixas,BR,1563762078,-49.97,-14.55,67.79,51,3.51,67
3465342,Corumba,BR,1563762140,-57.65,-19,81.47,38,10.36,100
3466165,Cidreira,BR,1563762126,-50.22,-30.17,63.11,83,7.18,56
3466980,Caravelas,BR,1563762222,-39.27,-17.73,71.93,77,12.35,75
3470871,Barao de Melgaco,BR,1563762117,-55.97,-16.19,73.4,53,4.7,0
3471451,Arraial do Cabo,BR,1563762107,-42.02,-22.97,69.41,79,25.37,5
3520994,Puerto Escondido,MX,1563762185,-97.07,15.86,82.4,69,3.36,40
3523466,Matamoros,US,1563762198,-97.51,25.87,86,79,13.87,1
3526662,Teya,MX,1563762213,-89.07,21.05,73.99,94,3.38,75
3528788,El Llano,MX,1563762205,-99.32,20.06,55.91,89,5.88,100
3536259,Sibanicu,CU,1563762181,-77.53,21.23,78.8,88,8.05,0
3543961,Benito Juarez,CU,1563762215,-79.63,22.29,78.8,78,5.82,40
3573374,The Valley,AI,1563762210,-63.06,18.22,82.4,74,9.17,20
3576994,Cockburn Town,TC,1563762009,-71.14,21.46,82.91,79,19.77,0
3577430,Road Town,VG,1563762188,-64.62,18.42,80.6,83,4.7,40
3581398,Laguna,BZ,1563762178,-88.94,16.17,80.6,88,3.47,75
3592086,Ocos,GT,1563762221,-92.19,14.51,80.6,100,6.31,40
3603330,Amapa,HN,1563762120,-87.97,15.09,82.4,78,8.05,75
3604251,Olanchito,HN,1563762149,-86.57,15.48,84.2,83,5.82,40
3622716,Nicoya,CR,1563762150,-85.45,10.15,82.4,69,12.75,0
3643620,El Cobre,VE,1563762162,-72.06,8.04,86,48,13.87,40
3652764,Puerto Ayora,EC,1563761989,-90.35,-0.74,70,93,1.99,32
3662252,Sao Paulo de Olivenca,BR,1563762166,-68.87,-3.38,72.11,95,0.18,74
3667697,Supia,CO,1563762230,-75.65,5.45,61.49,99,1.86,100
3670303,Samaca,CO,1563762198,-73.49,5.49,47.81,97,4.81,74
3671765,Prado,CO,1563762132,-74.93,3.75,81.65,49,6.69,83
3687975,Calamar,CO,1563762230,-72.65,1.96,70.49,93,0.27,74
3691954,Sechura,PE,1563762115,-80.82,-5.56,63.83,89,6.98,10
3695465,Huallanca,PE,1563762189,-76.94,-9.9,33.05,93,3.8,46
3720455,Moron,HT,1563762218,-74.26,18.56,80.75,81,8.28,13
3831208,Qaanaaq,GL,1563762118,-69.36,77.48,38.63,87,5.55,93
3833367,Ushuaia,AR,1563762105,-68.31,-54.81,35.6,69,12.75,75
3833859,Barrow,AR,1563762144,-60.23,-38.31,46.55,42,7.83,100
3835869,Santiago del Estero,AR,1563762161,-64.26,-27.8,63.83,61,16.69,3
3836277,Santa Fe,AR,1563761864,-60.7,-31.62,64.4,88,21.92,90
3838859,Rio Gallegos,AR,1563762138,-69.22,-51.62,33.8,80,11.41,40
3839307,Rawson,AR,1563762209,-65.11,-43.3,38.99,68,10.18,0
3843123,Neuquen,AR,1563762157,-68.06,-38.95,44.6,56,5.82,0
3848950,La Rioja,AR,1563762208,-66.86,-29.41,51.05,74,3.98,6
3860443,Comodoro Rivadavia,AR,1563762189,-67.48,-45.87,37.4,64,10.29,0
3863379,Mar del Plata,AR,1563762140,-67.52,-46.43,33.59,71,12.08,0
3867291,Filadelfia,PY,1563762213,-60.04,-22.35,83.27,42,14.54,0
3874787,Punta Arenas,CL,1563762098,-70.91,-53.16,35.6,83,13.87,75
3896218,Castro,CL,1563761918,-73.76,-42.48,39.2,86,4.7,75
3897347,Calama,CL,1563762224,-68.93,-22.46,46.4,20,11.41,0
3899695,Ancud,CL,1563762169,-73.83,-41.87,35.6,100,4.7,40
3901547,Villamontes,BO,1563762191,-63.47,-21.26,72.11,44,5.12,0
3902377,Trinidad,BO,1563762190,-64.9,-14.83,77.87,57,4.52,24
3906466,Riberalta,BO,1563762174,-66.08,-11,75.53,69,1.92,4
3924895,Placido de Castro,BR,1563762193,-67.19,-10.34,76.25,68,1.54,26
3932145,Pisco,PE,1563761862,-76.2,-13.71,62.6,77,10.29,90
3934608,Tucuman,PE,1563762184,-70.89,-17.17,50.33,44,1.1,0
3936952,La Oroya,PE,1563762214,-75.9,-11.52,35.21,95,2.64,19
3939761,Hualmay,PE,1563761842,-77.61,-11.1,62.39,86,11.12,41
3985710,Cabo San Lucas,MX,1563761905,-109.91,22.89,84,74,5.82,20
3987500,San Buenaventura,MX,1563762175,-101.55,27.06,85.79,34,8.01,75
4004293,Ixtapa,MX,1563762131,-105.21,20.71,75.99,100,6.93,75
4011743,Constitucion,MX,1563762130,-104.67,23.99,66.2,48,2.24,90
4014501,Charcas,MX,1563762190,-101.11,23.13,68.15,55,21.52,100
4020109,Atuona,PF,1563762100,-139.03,-9.8,80.03,78,12.41,48
4021858,Guerrero Negro,MX,1563762167,-114.04,27.97,66.89,88,14.7,0
4030556,Rikitea,PF,1563762103,-134.97,-23.12,68.15,76,19.42,32
4031574,Provideniya,RU,1563762123,-173.23,64.42,51.8,87,13.42,90
4031637,Lavrentiya,RU,1563762231,-170.99,65.58,52.31,80,15.57,58
4033557,Tautira,PF,1563762114,-149.15,-17.73,80.6,65,18.34,40
4034496,Fare,PF,1563762172,-151.02,-16.7,77.87,80,19.46,3
4034551,Faanui,PF,1563762060,-151.75,-16.48,78.59,80,19.53,0
4035715,Avarua,CK,1563762155,-159.78,-21.21,77,88,12.75,60
4036284,Alofi,NU,1563762127,-169.92,-19.06,77,78,13.87,100
4068590,Huntsville,US,1563762214,-86.59,34.73,81,83,5.82,75
4167694,Panama City,US,1563762213,-85.65,30.16,82.4,74,4.7,1
4267710,Sitka,US,1563762136,-99.65,37.17,82,60,1.01,2
4271086,Emporia,US,1563762012,-96.18,38.4,89.01,100,11.41,90
4278471,Russell,US,1563762132,-98.86,38.9,78.8,69,11.41,75
4386419,Festus,US,1563762205,-90.4,38.22,86,66,4.7,1
4407665,Kodiak,US,1563761914,-94.76,39.95,72,94,13.87,90
4501427,Port Elizabeth,US,1563762099,-74.98,39.31,89.6,83,4.7,1
4568570,Vieques,PR,1563762156,-65.83,18.43,82.4,74,5.82,20
4696310,Harper,US,1563762129,-99.24,30.3,87.01,45,3.36,1
4699066,Houston,US,1563761998,-95.37,29.76,86,74,4.7,1
4732862,Nome,US,1563762177,-94.42,30.04,84,83,4.7,1
4738721,Uvalde,US,1563761921,-99.79,29.21,96.8,28,10.29,1
4792494,Waverly,US,1563762165,-77.1,37.04,88,78,3.36,1
4854529,Dubuque,US,1563762154,-90.66,42.5,72,68,9.17,1
4955336,Weymouth,US,1563762040,-70.94,42.22,87.01,61,8.05,99
4975802,Portland,US,1563761650,-70.25,43.66,80.01,65,4.7,90
5024237,Callaway,US,1563762194,-95.91,46.98,68,68,5.82,40
5106834,Albany,US,1563762101,-73.75,42.65,80.01,60,8.05,1
5198635,Lock Haven,US,1563762179,-77.45,41.14,79,83,8.05,40
5228673,Huron,US,1563762159,-98.21,44.36,69.8,73,6.93,40
5367788,Lompoc,US,1563762121,-120.46,34.64,70,82,11.41,40
5374920,Morro Bay,US,1563762182,-120.85,35.37,80.6,77,11.41,1
5380437,Pacific Grove,US,1563762125,-121.92,36.62,75.99,68,6.93,20
5513343,Sunrise Manor,US,1563762136,-115.07,36.21,105.8,6,9.17,20
5530921,Snyder,US,1563762126,-100.92,32.72,91,29,5.82,1
5563839,Fortuna,US,1563762218,-124.16,40.6,63,77,12.75,1
5572400,Susanville,US,1563762211,-120.65,40.42,82.4,24,8.05,1
5587698,Caldwell,US,1563762223,-116.69,43.67,98.01,26,3.36,1
5606187,Saint Anthony,US,1563762098,-111.68,43.97,87.8,25,3.36,1
5655240,Great Falls,US,1563762220,-111.29,47.5,75.99,33,12.75,1
5710360,Winnemucca,US,1563762139,-117.74,40.97,96.8,11,9.06,1
5740099,Medford,US,1563762071,-122.87,42.33,93.2,18,10.29,1
5749352,Roseburg,US,1563762031,-123.34,43.22,89.01,35,6.93,1
5793639,Ellensburg,US,1563762203,-120.55,47,87.8,19,8.05,1
5808079,Redmond,US,1563761871,-122.12,47.67,84,30,8.05,1
5830007,Lander,US,1563762141,-108.73,42.83,79,36,9.17,1
5847411,Kahului,US,1563762107,-156.47,20.89,86,62,24.16,40
5848280,Kapaa,US,1563761991,-159.32,22.08,84.2,66,17.22,20
5855927,Hilo,US,1563762122,-155.08,19.71,80.6,65,11.41,75
5859699,College,US,1563762007,-147.8,64.86,77,36,9.17,1
5861897,Fairbanks,US,1563761942,-147.72,64.84,77,36,9.17,1
5866063,Kenai,US,1563762116,-151.26,60.55,73.99,53,9.17,1
5880568,Bethel,US,1563762116,-161.76,60.79,60.8,77,5.82,90
5919850,Chapais,CA,1563762214,-74.86,49.78,55.4,62,4.7,20
5921525,Mackay,CA,1563762111,-115.58,53.65,75.2,50,17.22,20
5924351,Clyde River,CA,1563762128,-68.59,70.47,39.2,100,5.82,90
5960603,Geraldton,CA,1563761983,-86.95,49.72,64.4,48,6.93,20
5961417,Husavik,CA,1563762142,-96.99,50.56,66,53,5.99,0
5969025,Haines Junction,CA,1563762173,-137.51,60.75,59.15,66,8.46,92
5972762,Hay River,CA,1563762117,-115.79,60.82,86,27,8.05,40
5982839,Indian Head,CA,1563762206,-103.67,50.53,68,76,5.53,9
5983720,Iqaluit,CA,1563762131,-68.52,63.75,42.8,93,10.29,90
6078372,Moose Factory,CA,1563762227,-80.61,51.26,60.8,67,5.82,90
6089245,Norman Wells,CA,1563762201,-126.83,65.28,66.2,63,4.7,75
6096551,Pangnirtung,CA,1563762192,-65.72,66.15,44.21,86,3.67,99
6111862,Port Hardy,CA,1563762167,-127.42,50.7,68,60,11.41,20
6113335,Prince Albert,CA,1563762212,-105.75,53.2,73.4,64,5.82,20
6113406,Prince Rupert,CA,1563762200,-130.32,54.32,62.6,82,3.36,75
6137381,Saint-Ambroise,CA,1563762150,-71.32,48.56,66,82,6.93,75
6138501,Saint-Augustin,CA,1563762205,-73.98,45.63,77,56,5.82,20
6138908,Saint-Philippe,CA,1563762097,-73.48,45.36,77,64,2.04,40
6149996,Smithers,CA,1563762218,-127.17,54.78,57.2,87,8.05,75
6165406,Thompson,CA,1563762105,-97.86,55.74,77,38,6.93,75
6167817,Torbay,CA,1563761940,-52.73,47.66,51.01,100,17.22,90
6170031,Tuktoyaktuk,CA,1563762115,-133.03,69.44,53.6,76,8.05,90
6174914,Wadena,CA,1563762229,-103.8,51.95,60.59,73,3.24,1
6180550,Whitehorse,CA,1563762138,-135.06,60.72,66.99,63,2.24,75
6185377,Yellowknife,CA,1563762031,-114.38,62.45,73.4,53,11.41,75
6201424,Mataura,NZ,1563762110,168.86,-46.19,50,96,5.01,65
6320062,Vila Velha,BR,1563762100,-38.6,-3.71,80.6,69,9.17,20
6322184,Porto Novo,BR,1563762213,-45.44,-23.68,60.8,82,4.7,0
6355222,Yulara,AU,1563762151,130.99,-25.24,68,24,5.82,0
6533368,Moranbah,AU,1563762165,148.04,-22,73.55,50,8.75,0
6551871,Kronshagen,DE,1563762109,10.08,54.33,57.2,100,3.36,100
6620339,Karratha,AU,1563762140,116.85,-20.74,78.23,12,16.98,0
6690297,Saint-Leu,RE,1563762221,55.28,-21.15,68,93,8.05,75
7647007,San Carlos de Bariloche,AR,1563762130,-71.31,-41.13,33.8,86,9.17,75
7669018,Aldergrove,CA,1563762151,-122.49,49.06,87.8,37,5.82,1
